adduser	3.118ubuntu2
adwaita-icon-theme	3.36.1-2ubuntu0.20.04.2
alsa-topology-conf	1.2.2-1
alsa-ucm-conf	1.2.2-1ubuntu0.13
apparmor	2.13.3-7ubuntu5.4
apport	2.20.11-0ubuntu27.29
apt	2.0.11
at	3.1.23-1ubuntu1
autoconf	2.69-11.1
automake	1:1.16.1-4ubuntu6
autotools-dev	20180224.1
base-files	11ubuntu5.8
base-passwd	3.5.47
bash	5.0-6ubuntu1.2
bc	1.07.1-2build1
bcache-tools	1.0.8-3ubuntu0.1
binutils	2.34-6ubuntu1.11
binutils-common:amd64	2.34-6ubuntu1.11
binutils-x86-64-linux-gnu	2.34-6ubuntu1.11
bolt	0.9.1-2~ubuntu20.04.2
bsdutils	1:2.34-0.1ubuntu9.6
btrfs-progs	5.4.1-2
build-essential	12.8ubuntu1.1
bzip2	1.0.8-2
ca-certificates	20240203~20.04.1
cloud-guest-utils	0.31-7-gd99b2d76-0ubuntu1
cloud-init	24.4.1-0ubuntu0~20.04.3
cmake	3.16.3-1ubuntu1.20.04.1
cmake-data	3.16.3-1ubuntu1.20.04.1
coreutils	8.30-3ubuntu2
cpp	4:9.3.0-1ubuntu2
cpp-9	9.4.0-1ubuntu1~20.04.2
cppcheck	1.90-4build1
cryptsetup	2:2.2.2-3ubuntu2.5
cryptsetup-bin	2:2.2.2-3ubuntu2.5
cryptsetup-run	2:2.2.2-3ubuntu2.5
curl	7.68.0-1ubuntu2.25
cython3	0.29.14-0.1ubuntu3
dash	0.5.10.2-6
dbus	1.12.16-2ubuntu2.3
dbus-user-session	1.12.16-2ubuntu2.3
dconf-gsettings-backend:amd64	0.36.0-1
dconf-service	0.36.0-1
debconf	1.5.73
debianutils	4.9.1
default-libmysqlclient-dev:amd64	1.0.5ubuntu2
diffutils	1:3.7-3
dirmngr	2.2.19-3ubuntu2.5
distro-info	0.23ubuntu1.1
distro-info-data	0.43ubuntu1.18
dmeventd	2:1.02.167-1ubuntu1
dmidecode	3.2-3
dmsetup	2:1.02.167-1ubuntu1
docutils-common	0.16+dfsg-2
dosfstools	4.1-2
dpkg	1.19.7ubuntu3.2
dpkg-dev	1.19.7ubuntu3.2
e2fsprogs	1.45.5-2ubuntu1.2
eatmydata	105-7
ethtool	1:5.4-1
fdisk	2.34-0.1ubuntu9.6
finalrd	6~ubuntu20.04.1
findutils	4.7.0-1ubuntu1
flang-18	1:18.1.8-11~20.04.2
fontconfig	2.13.1-2ubuntu3
fontconfig-config	2.13.1-2ubuntu3
fonts-dejavu-core	2.37-1
fonts-ubuntu-console	0.83-4ubuntu1
fuse	2.9.9-3
fwupd-signed	1.51.1~20.04.1+1.4-0ubuntu0.1
g++	4:9.3.0-1ubuntu2
g++-9	9.4.0-1ubuntu1~20.04.2
gawk	1:5.0.1+dfsg-1ubuntu0.1
gcc	4:9.3.0-1ubuntu2
gcc-10-base:amd64	10.5.0-1ubuntu1~20.04
gcc-9	9.4.0-1ubuntu1~20.04.2
gcc-9-base:amd64	9.4.0-1ubuntu1~20.04.2
gdal-data	3.0.4+dfsg-1build3
gdisk	1.0.5-1
gir1.2-glib-2.0:amd64	1.64.1-1~ubuntu20.04.1
gir1.2-packagekitglib-1.0	1.1.13-2ubuntu1.1
git	1:2.25.1-1ubuntu3.14
git-man	1:2.25.1-1ubuntu3.14
glib-networking:amd64	2.64.2-1ubuntu0.1
glib-networking-common	2.64.2-1ubuntu0.1
glib-networking-services	2.64.2-1ubuntu0.1
gnupg	2.2.19-3ubuntu2.5
gnupg-l10n	2.2.19-3ubuntu2.5
gnupg-utils	2.2.19-3ubuntu2.5
gnupg2	2.2.19-3ubuntu2.5
google-mock:amd64	1.10.0-2
googletest	1.10.0-2
gpg	2.2.19-3ubuntu2.5
gpg-agent	2.2.19-3ubuntu2.5
gpg-wks-client	2.2.19-3ubuntu2.5
gpg-wks-server	2.2.19-3ubuntu2.5
gpgconf	2.2.19-3ubuntu2.5
gpgsm	2.2.19-3ubuntu2.5
gpgv	2.2.19-3ubuntu2.5
graphviz	2.42.2-3build2
grep	3.4-1
groff-base	1.22.4-4build1
gsettings-desktop-schemas	3.36.0-1ubuntu1
gtk-update-icon-cache	3.24.20-0ubuntu1.2
gzip	1.10-0ubuntu4.1
hdf5-helpers	1.10.4+repack-11ubuntu1
hicolor-icon-theme	0.17-2
hostname	3.23
htop	2.2.0-2build1
humanity-icon-theme	0.6.15
ibverbs-providers:amd64	28.0-1ubuntu1
icu-devtools	66.1-2ubuntu2.1
init-system-helpers	1.57
initramfs-tools-bin	0.136ubuntu6.8
iproute2	5.5.0-1ubuntu1
isc-dhcp-client	4.4.1-2.1ubuntu5.20.04.5
isc-dhcp-common	4.4.1-2.1ubuntu5.20.04.5
iso-codes	4.4-1
klibc-utils	2.0.7-1ubuntu5.2
kmod	27-1ubuntu2.1
kpartx	0.8.3-1ubuntu2.4
krb5-locales	1.17-6ubuntu4.11
libacl1:amd64	2.2.53-6
libaec-dev:amd64	1.0.4-1
libaec0:amd64	1.0.4-1
libaio1:amd64	0.3.112-5
libann0	1.1.2+doc-7build1
libaom0:amd64	1.0.0.errata1-3+deb11u1ubuntu0.1
libapparmor1:amd64	2.13.3-7ubuntu5.4
libapt-pkg6.0:amd64	2.0.11
libarchive13:amd64	3.4.0-2ubuntu1.5
libargon2-1:amd64	0~20171227-0.2
libarmadillo-dev	1:9.800.4+dfsg-1build1
libarmadillo9	1:9.800.4+dfsg-1build1
libarpack2:amd64	3.7.0-3
libarpack2-dev:amd64	3.7.0-3
libasan5:amd64	9.4.0-1ubuntu1~20.04.2
libasan6:amd64	10.5.0-1ubuntu1~20.04
libasn1-8-heimdal:amd64	7.7.0+dfsg-1ubuntu1.4
libassuan0:amd64	2.5.3-7ubuntu2
libatk-bridge2.0-0:amd64	2.34.2-0ubuntu2~20.04.1
libatk1.0-0:amd64	2.35.1-1ubuntu2
libatk1.0-data	2.35.1-1ubuntu2
libatm1:amd64	1:2.5.1-4
libatomic1:amd64	10.5.0-1ubuntu1~20.04
libatspi2.0-0:amd64	2.36.0-2
libattr1:amd64	1:2.4.48-5
libaudit-common	1:2.8.5-2ubuntu6
libaudit1:amd64	1:2.8.5-2ubuntu6
libavahi-client3:amd64	0.7-4ubuntu7.3
libavahi-common-data:amd64	0.7-4ubuntu7.3
libavahi-common3:amd64	0.7-4ubuntu7.3
libavcodec-dev:amd64	7:4.2.7-0ubuntu0.1
libavcodec58:amd64	7:4.2.7-0ubuntu0.1
libavformat-dev:amd64	7:4.2.7-0ubuntu0.1
libavformat58:amd64	7:4.2.7-0ubuntu0.1
libavresample-dev:amd64	7:4.2.7-0ubuntu0.1
libavresample4:amd64	7:4.2.7-0ubuntu0.1
libavutil-dev:amd64	7:4.2.7-0ubuntu0.1
libavutil56:amd64	7:4.2.7-0ubuntu0.1
libbinutils:amd64	2.34-6ubuntu1.11
libblas-dev:amd64	3.9.0-1build1
libblas3:amd64	3.9.0-1build1
libblkid1:amd64	2.34-0.1ubuntu9.6
libbluray2:amd64	1:1.2.0-1
libboost-all-dev	1.71.0.0ubuntu2
libboost-atomic-dev:amd64	1.71.0.0ubuntu2
libboost-atomic1.71-dev:amd64	1.71.0-6ubuntu6
libboost-atomic1.71.0:amd64	1.71.0-6ubuntu6
libboost-chrono-dev:amd64	1.71.0.0ubuntu2
libboost-chrono1.71-dev:amd64	1.71.0-6ubuntu6
libboost-chrono1.71.0:amd64	1.71.0-6ubuntu6
libboost-container-dev:amd64	1.71.0.0ubuntu2
libboost-container1.71-dev:amd64	1.71.0-6ubuntu6
libboost-container1.71.0:amd64	1.71.0-6ubuntu6
libboost-context-dev:amd64	1.71.0.0ubuntu2
libboost-context1.71-dev:amd64	1.71.0-6ubuntu6
libboost-context1.71.0:amd64	1.71.0-6ubuntu6
libboost-coroutine-dev:amd64	1.71.0.0ubuntu2
libboost-coroutine1.71-dev:amd64	1.71.0-6ubuntu6
libboost-coroutine1.71.0:amd64	1.71.0-6ubuntu6
libboost-date-time-dev:amd64	1.71.0.0ubuntu2
libboost-date-time1.71-dev:amd64	1.71.0-6ubuntu6
libboost-date-time1.71.0:amd64	1.71.0-6ubuntu6
libboost-dev:amd64	1.71.0.0ubuntu2
libboost-exception-dev:amd64	1.71.0.0ubuntu2
libboost-exception1.71-dev:amd64	1.71.0-6ubuntu6
libboost-fiber-dev:amd64	1.71.0.0ubuntu2
libboost-fiber1.71-dev:amd64	1.71.0-6ubuntu6
libboost-fiber1.71.0:amd64	1.71.0-6ubuntu6
libboost-filesystem-dev:amd64	1.71.0.0ubuntu2
libboost-filesystem1.71-dev:amd64	1.71.0-6ubuntu6
libboost-filesystem1.71.0:amd64	1.71.0-6ubuntu6
libboost-graph-dev:amd64	1.71.0.0ubuntu2
libboost-graph-parallel-dev	1.71.0.0ubuntu2
libboost-graph-parallel1.71-dev	1.71.0-6ubuntu6
libboost-graph-parallel1.71.0	1.71.0-6ubuntu6
libboost-graph1.71-dev:amd64	1.71.0-6ubuntu6
libboost-graph1.71.0:amd64	1.71.0-6ubuntu6
libboost-iostreams-dev:amd64	1.71.0.0ubuntu2
libboost-iostreams1.71-dev:amd64	1.71.0-6ubuntu6
libboost-iostreams1.71.0:amd64	1.71.0-6ubuntu6
libboost-locale-dev:amd64	1.71.0.0ubuntu2
libboost-locale1.71-dev:amd64	1.71.0-6ubuntu6
libboost-locale1.71.0:amd64	1.71.0-6ubuntu6
libboost-log-dev	1.71.0.0ubuntu2
libboost-log1.71-dev	1.71.0-6ubuntu6
libboost-log1.71.0	1.71.0-6ubuntu6
libboost-math-dev:amd64	1.71.0.0ubuntu2
libboost-math1.71-dev:amd64	1.71.0-6ubuntu6
libboost-math1.71.0:amd64	1.71.0-6ubuntu6
libboost-mpi-dev	1.71.0.0ubuntu2
libboost-mpi-python-dev	1.71.0.0ubuntu2
libboost-mpi-python1.71-dev	1.71.0-6ubuntu6
libboost-mpi-python1.71.0	1.71.0-6ubuntu6
libboost-mpi1.71-dev	1.71.0-6ubuntu6
libboost-mpi1.71.0	1.71.0-6ubuntu6
libboost-numpy-dev	1.71.0.0ubuntu2
libboost-numpy1.71-dev	1.71.0-6ubuntu6
libboost-numpy1.71.0	1.71.0-6ubuntu6
libboost-program-options-dev:amd64	1.71.0.0ubuntu2
libboost-program-options1.71-dev:amd64	1.71.0-6ubuntu6
libboost-program-options1.71.0:amd64	1.71.0-6ubuntu6
libboost-python-dev	1.71.0.0ubuntu2
libboost-python1.71-dev	1.71.0-6ubuntu6
libboost-python1.71.0	1.71.0-6ubuntu6
libboost-random-dev:amd64	1.71.0.0ubuntu2
libboost-random1.71-dev:amd64	1.71.0-6ubuntu6
libboost-random1.71.0:amd64	1.71.0-6ubuntu6
libboost-regex-dev:amd64	1.71.0.0ubuntu2
libboost-regex1.71-dev:amd64	1.71.0-6ubuntu6
libboost-regex1.71.0:amd64	1.71.0-6ubuntu6
libboost-serialization-dev:amd64	1.71.0.0ubuntu2
libboost-serialization1.71-dev:amd64	1.71.0-6ubuntu6
libboost-serialization1.71.0:amd64	1.71.0-6ubuntu6
libboost-stacktrace-dev:amd64	1.71.0.0ubuntu2
libboost-stacktrace1.71-dev:amd64	1.71.0-6ubuntu6
libboost-stacktrace1.71.0:amd64	1.71.0-6ubuntu6
libboost-system-dev:amd64	1.71.0.0ubuntu2
libboost-system1.71-dev:amd64	1.71.0-6ubuntu6
libboost-system1.71.0:amd64	1.71.0-6ubuntu6
libboost-test-dev:amd64	1.71.0.0ubuntu2
libboost-test1.71-dev:amd64	1.71.0-6ubuntu6
libboost-test1.71.0:amd64	1.71.0-6ubuntu6
libboost-thread-dev:amd64	1.71.0.0ubuntu2
libboost-thread1.71-dev:amd64	1.71.0-6ubuntu6
libboost-thread1.71.0:amd64	1.71.0-6ubuntu6
libboost-timer-dev:amd64	1.71.0.0ubuntu2
libboost-timer1.71-dev:amd64	1.71.0-6ubuntu6
libboost-timer1.71.0:amd64	1.71.0-6ubuntu6
libboost-tools-dev	1.71.0.0ubuntu2
libboost-type-erasure-dev:amd64	1.71.0.0ubuntu2
libboost-type-erasure1.71-dev:amd64	1.71.0-6ubuntu6
libboost-type-erasure1.71.0:amd64	1.71.0-6ubuntu6
libboost-wave-dev:amd64	1.71.0.0ubuntu2
libboost-wave1.71-dev:amd64	1.71.0-6ubuntu6
libboost-wave1.71.0:amd64	1.71.0-6ubuntu6
libboost1.71-dev:amd64	1.71.0-6ubuntu6
libboost1.71-tools-dev	1.71.0-6ubuntu6
libbrotli1:amd64	1.0.7-6ubuntu0.1
libbsd0:amd64	0.10.0-1
libbullet-dev:amd64	2.88+dfsg-2build2
libbullet2.88:amd64	2.88+dfsg-2build2
libbz2-1.0:amd64	1.0.8-2
libc-bin	2.31-0ubuntu9.18
libc-dev-bin	2.31-0ubuntu9.18
libc6:amd64	2.31-0ubuntu9.18
libc6-dev:amd64	2.31-0ubuntu9.18
libcairo-gobject2:amd64	1.16.0-4ubuntu1
libcairo2:amd64	1.16.0-4ubuntu1
libcap-ng0:amd64	0.7.9-2.1build1
libcap2:amd64	1:2.32-1ubuntu0.2
libcap2-bin	1:2.32-1ubuntu0.2
libcbor0.6:amd64	0.6.0-0ubuntu1
libcc1-0:amd64	10.5.0-1ubuntu1~20.04
libcdt5:amd64	2.42.2-3build2
libcfitsio-dev:amd64	3.470-3
libcfitsio8:amd64	3.470-3
libcgraph6:amd64	2.42.2-3build2
libcharls-dev:amd64	2.0.0+dfsg-1build1
libcharls2:amd64	2.0.0+dfsg-1build1
libchromaprint1:amd64	1.4.3-3build1
libclang-cpp18	1:18.1.8-11~20.04.2
libclang1-10	1:10.0.0-4ubuntu1
libcodec2-0.9:amd64	0.9.2-2
libcolord2:amd64	1.4.4-2
libcom-err2:amd64	1.45.5-2ubuntu1.2
libconsole-bridge-dev:amd64	0.4.4+dfsg-1build1
libconsole-bridge0.4:amd64	0.4.4+dfsg-1build1
libcrypt-dev:amd64	1:4.4.10-10ubuntu4
libcrypt1:amd64	1:4.4.10-10ubuntu4
libcryptsetup12:amd64	2:2.2.2-3ubuntu2.5
libctf-nobfd0:amd64	2.34-6ubuntu1.11
libctf0:amd64	2.34-6ubuntu1.11
libcups2:amd64	2.3.1-9ubuntu1.9
libcurl3-gnutls:amd64	7.68.0-1ubuntu2.25
libcurl4:amd64	7.68.0-1ubuntu2.25
libcurl4-gnutls-dev:amd64	7.68.0-1ubuntu2.25
libdap-dev:amd64	3.20.5-1
libdap25:amd64	3.20.5-1
libdapclient6v5:amd64	3.20.5-1
libdapserver7v5:amd64	3.20.5-1
libdatrie1:amd64	0.2.12-3
libdb5.3:amd64	5.3.28+dfsg1-0.6ubuntu2
libdbus-1-3:amd64	1.12.16-2ubuntu2.3
libdc1394-22:amd64	2.2.5-2.1
libdc1394-22-dev:amd64	2.2.5-2.1
libdconf1:amd64	0.36.0-1
libdebconfclient0:amd64	0.251ubuntu1
libdevmapper-event1.02.1:amd64	2:1.02.167-1ubuntu1
libdevmapper1.02.1:amd64	2:1.02.167-1ubuntu1
libdns-export1109	1:9.11.16+dfsg-3~ubuntu1
libdouble-conversion3:amd64	3.1.5-4ubuntu1
libdpkg-perl	1.19.7ubuntu3.2
libdrm-amdgpu1:amd64	2.4.107-8ubuntu1~20.04.2
libdrm-common	2.4.107-8ubuntu1~20.04.2
libdrm-intel1:amd64	2.4.107-8ubuntu1~20.04.2
libdrm-nouveau2:amd64	2.4.107-8ubuntu1~20.04.2
libdrm-radeon1:amd64	2.4.107-8ubuntu1~20.04.2
libdrm2:amd64	2.4.107-8ubuntu1~20.04.2
libeatmydata1:amd64	105-7
libedit2:amd64	3.1-20191231-1
libegl-dev:amd64	1.3.2-1~ubuntu0.20.04.2
libegl-mesa0:amd64	21.2.6-0ubuntu0.1~20.04.2
libegl1:amd64	1.3.2-1~ubuntu0.20.04.2
libeigen3-dev	3.3.7-2
libelf1:amd64	0.176-1.1ubuntu0.1
libepoxy0:amd64	1.5.4-1
libepsilon-dev:amd64	0.9.2+dfsg-4
libepsilon1:amd64	0.9.2+dfsg-4
liberror-perl	0.17029-1
libevdev2:amd64	1.9.0+dfsg-1ubuntu0.2
libevent-2.1-7:amd64	2.1.11-stable-1
libevent-core-2.1-7:amd64	2.1.11-stable-1
libevent-dev	2.1.11-stable-1
libevent-extra-2.1-7:amd64	2.1.11-stable-1
libevent-openssl-2.1-7:amd64	2.1.11-stable-1
libevent-pthreads-2.1-7:amd64	2.1.11-stable-1
libexif-dev:amd64	0.6.21-6ubuntu0.4
libexif12:amd64	0.6.21-6ubuntu0.4
libexpat1:amd64	2.2.9-1ubuntu0.8
libexpat1-dev:amd64	2.2.9-1ubuntu0.8
libext2fs2:amd64	1.45.5-2ubuntu1.2
libfabric1	1.6.2-3ubuntu0.1
libfdisk1:amd64	2.34-0.1ubuntu9.6
libffi7:amd64	3.3-4
libfido2-1:amd64	1.3.1-1ubuntu2
libfl2:amd64	2.6.4-6.2
libflang-18-dev	1:18.1.8-11~20.04.2
libflann-dev:amd64	1.9.1+dfsg-9build1
libflann1.9:amd64	1.9.1+dfsg-9build1
libfontconfig1:amd64	2.13.1-2ubuntu3
libfontconfig1-dev:amd64	2.13.1-2ubuntu3
libfreetype-dev:amd64	2.10.1-2ubuntu0.4
libfreetype6:amd64	2.10.1-2ubuntu0.4
libfreetype6-dev:amd64	2.10.1-2ubuntu0.4
libfreexl-dev:amd64	1.0.5-3
libfreexl1:amd64	1.0.5-3
libfribidi0:amd64	1.0.8-2ubuntu0.1
libfuse2:amd64	2.9.9-3
libfyba-dev:amd64	4.1.1-6build1
libfyba0:amd64	4.1.1-6build1
libgbm1:amd64	21.2.6-0ubuntu0.1~20.04.2
libgcc-10-dev:amd64	10.5.0-1ubuntu1~20.04
libgcc-9-dev:amd64	9.4.0-1ubuntu1~20.04.2
libgcc-s1:amd64	10.5.0-1ubuntu1~20.04
libgcrypt20:amd64	1.8.5-5ubuntu1.1
libgd3:amd64	2.2.5-5.2ubuntu2.4
libgdal-dev	3.0.4+dfsg-1build3
libgdal26	3.0.4+dfsg-1build3
libgdbm-compat4:amd64	1.18.1-5
libgdbm6:amd64	1.18.1-5
libgdcm-dev	3.0.5-1.1ubuntu2
libgdcm3.0:amd64	3.0.5-1.1ubuntu2
libgdk-pixbuf2.0-0:amd64	2.40.0+dfsg-3ubuntu0.5
libgdk-pixbuf2.0-common	2.40.0+dfsg-3ubuntu0.5
libgeos-3.8.0:amd64	3.8.0-1build1
libgeos-c1v5:amd64	3.8.0-1build1
libgeos-dev	3.8.0-1build1
libgeotiff-dev:amd64	1.5.1-2
libgeotiff5:amd64	1.5.1-2
libgfortran5:amd64	10.5.0-1ubuntu1~20.04
libgif-dev	5.1.9-1ubuntu0.1
libgif7:amd64	5.1.9-1ubuntu0.1
libgirepository-1.0-1:amd64	1.64.1-1~ubuntu20.04.1
libgl-dev:amd64	1.3.2-1~ubuntu0.20.04.2
libgl1:amd64	1.3.2-1~ubuntu0.20.04.2
libgl1-mesa-dev:amd64	21.2.6-0ubuntu0.1~20.04.2
libgl1-mesa-dri:amd64	21.2.6-0ubuntu0.1~20.04.2
libgl2ps-dev	1.4.0+dfsg1-2
libgl2ps1.4	1.4.0+dfsg1-2
libglapi-mesa:amd64	21.2.6-0ubuntu0.1~20.04.2
libgles-dev:amd64	1.3.2-1~ubuntu0.20.04.2
libgles1:amd64	1.3.2-1~ubuntu0.20.04.2
libgles2:amd64	1.3.2-1~ubuntu0.20.04.2
libglew-dev:amd64	2.1.0-4
libglew2.1:amd64	2.1.0-4
libglib2.0-0:amd64	2.64.6-1~ubuntu20.04.9
libglib2.0-data	2.64.6-1~ubuntu20.04.9
libglu1-mesa:amd64	9.0.1-1build1
libglu1-mesa-dev:amd64	9.0.1-1build1
libglvnd-dev:amd64	1.3.2-1~ubuntu0.20.04.2
libglvnd0:amd64	1.3.2-1~ubuntu0.20.04.2
libglx-dev:amd64	1.3.2-1~ubuntu0.20.04.2
libglx-mesa0:amd64	21.2.6-0ubuntu0.1~20.04.2
libglx0:amd64	1.3.2-1~ubuntu0.20.04.2
libgme0:amd64	0.6.2-1build1
libgmp10:amd64	2:6.2.0+dfsg-4ubuntu0.1
libgnutls30:amd64	3.6.13-2ubuntu1.12
libgomp1:amd64	10.5.0-1ubuntu1~20.04
libgpg-error0:amd64	1.37-1
libgphoto2-6:amd64	2.5.25-0ubuntu0.1
libgphoto2-dev:amd64	2.5.25-0ubuntu0.1
libgphoto2-port12:amd64	2.5.25-0ubuntu0.1
libgpm2:amd64	1.20.7-5
libgraphite2-3:amd64	1.3.13-11build1
libgsm1:amd64	1.0.18-2
libgssapi-krb5-2:amd64	1.17-6ubuntu4.11
libgssapi3-heimdal:amd64	7.7.0+dfsg-1ubuntu1.4
libgstreamer-plugins-base1.0-0:amd64	1.16.3-0ubuntu1.4
libgstreamer1.0-0:amd64	1.16.3-0ubuntu1.2
libgtest-dev:amd64	1.10.0-2
libgtk-3-0:amd64	3.24.20-0ubuntu1.2
libgtk-3-common	3.24.20-0ubuntu1.2
libgts-0.7-5:amd64	0.7.6+darcs121130-4
libgudev-1.0-0:amd64	1:233-1
libgvc6	2.42.2-3build2
libgvpr2:amd64	2.42.2-3build2
libharfbuzz0b:amd64	2.6.4-1ubuntu4.3
libhcrypto4-heimdal:amd64	7.7.0+dfsg-1ubuntu1.4
libhdf4-0-alt	4.2.14-1ubuntu1
libhdf4-alt-dev	4.2.14-1ubuntu1
libhdf5-103:amd64	1.10.4+repack-11ubuntu1
libhdf5-cpp-103:amd64	1.10.4+repack-11ubuntu1
libhdf5-dev	1.10.4+repack-11ubuntu1
libhdf5-mpi-dev	1.10.4+repack-11ubuntu1
libhdf5-openmpi-103:amd64	1.10.4+repack-11ubuntu1
libhdf5-openmpi-dev	1.10.4+repack-11ubuntu1
libheimbase1-heimdal:amd64	7.7.0+dfsg-1ubuntu1.4
libheimntlm0-heimdal:amd64	7.7.0+dfsg-1ubuntu1.4
libhogweed5:amd64	3.5.1+really3.5.1-2ubuntu0.2
libhwloc-dev:amd64	2.1.0+dfsg-4
libhwloc-plugins:amd64	2.1.0+dfsg-4
libhwloc15:amd64	2.1.0+dfsg-4
libhx509-5-heimdal:amd64	7.7.0+dfsg-1ubuntu1.4
libhyphen0:amd64	2.8.8-7
libibverbs-dev:amd64	28.0-1ubuntu1
libibverbs1:amd64	28.0-1ubuntu1
libice-dev:amd64	2:1.0.10-0ubuntu1
libice6:amd64	2:1.0.10-0ubuntu1
libicu-dev:amd64	66.1-2ubuntu2.1
libicu66:amd64	66.1-2ubuntu2.1
libidn2-0:amd64	2.2.0-2
libilmbase-dev:amd64	2.3.0-6build1
libilmbase24:amd64	2.3.0-6build1
libinput-bin	1.15.5-1ubuntu0.3
libinput10:amd64	1.15.5-1ubuntu0.3
libip4tc2:amd64	1.8.4-3ubuntu2.1
libisc-export1105:amd64	1:9.11.16+dfsg-3~ubuntu1
libisl22:amd64	0.22.1-1
libisns0:amd64	0.97-3
libitm1:amd64	10.5.0-1ubuntu1~20.04
libjbig-dev:amd64	2.1-3.1ubuntu0.20.04.1
libjbig0:amd64	2.1-3.1ubuntu0.20.04.1
libjpeg-dev:amd64	8c-2ubuntu8
libjpeg-turbo8:amd64	2.0.3-0ubuntu1.20.04.3
libjpeg-turbo8-dev:amd64	2.0.3-0ubuntu1.20.04.3
libjpeg8:amd64	8c-2ubuntu8
libjpeg8-dev:amd64	8c-2ubuntu8
libjson-c-dev:amd64	0.13.1+dfsg-7ubuntu0.3
libjson-c4:amd64	0.13.1+dfsg-7ubuntu0.3
libjson-glib-1.0-0:amd64	1.4.4-2ubuntu2
libjson-glib-1.0-common	1.4.4-2ubuntu2
libjsoncpp-dev:amd64	1.7.4-3.1ubuntu2
libjsoncpp1:amd64	1.7.4-3.1ubuntu2
libk5crypto3:amd64	1.17-6ubuntu4.11
libkeyutils1:amd64	1.6-6ubuntu1.1
libklibc:amd64	2.0.7-1ubuntu5.2
libkml-dev:amd64	1.3.0-8build1
libkmlbase1:amd64	1.3.0-8build1
libkmlconvenience1:amd64	1.3.0-8build1
libkmldom1:amd64	1.3.0-8build1
libkmlengine1:amd64	1.3.0-8build1
libkmlregionator1:amd64	1.3.0-8build1
libkmlxsd1:amd64	1.3.0-8build1
libkmod2:amd64	27-1ubuntu2.1
libkrb5-26-heimdal:amd64	7.7.0+dfsg-1ubuntu1.4
libkrb5-3:amd64	1.17-6ubuntu4.11
libkrb5support0:amd64	1.17-6ubuntu4.11
libksba8:amd64	1.3.5-2ubuntu0.20.04.2
liblab-gamut1:amd64	2.42.2-3build2
liblapack-dev:amd64	3.9.0-1build1
liblapack3:amd64	3.9.0-1build1
liblcms2-2:amd64	2.9-4
libldap-2.4-2:amd64	2.4.49+dfsg-2ubuntu1.10
libldap-common	2.4.49+dfsg-2ubuntu1.10
liblept5:amd64	1.79.0-1
libllvm10:amd64	1:10.0.0-4ubuntu1
libllvm12:amd64	1:12.0.0-3ubuntu1~20.04.5
libllvm18:amd64	1:18.1.8-11~20.04.2
liblocale-gettext-perl	1.07-4
liblsan0:amd64	10.5.0-1ubuntu1~20.04
libltdl-dev:amd64	2.4.6-14
libltdl7:amd64	2.4.6-14
liblvm2cmd2.03:amd64	2.03.07-1ubuntu1
liblz4-1:amd64	1.9.2-2ubuntu0.20.04.1
liblz4-dev:amd64	1.9.2-2ubuntu0.20.04.1
liblzma-dev:amd64	5.2.4-1ubuntu1.1
liblzma5:amd64	5.2.4-1ubuntu1.1
liblzo2-2:amd64	2.10-2
libminizip-dev:amd64	1.1-8build1
libminizip1:amd64	1.1-8build1
libmnl0:amd64	1.0.4-2
libmount1:amd64	2.34-0.1ubuntu9.6
libmp3lame0:amd64	3.100-3
libmpc3:amd64	1.1.0-1
libmpdec2:amd64	2.4.2-3
libmpfr6:amd64	4.0.2-1
libmpg123-0:amd64	1.25.13-1ubuntu0.2
libmtdev1:amd64	1.1.5-1.1
libmysqlclient-dev	8.0.42-0ubuntu0.20.04.1
libmysqlclient21:amd64	8.0.42-0ubuntu0.20.04.1
libncurses6:amd64	6.2-0ubuntu2.1
libncursesw6:amd64	6.2-0ubuntu2.1
libnetcdf-c++4	4.2-11build2
libnetcdf-cxx-legacy-dev	4.2-11build2
libnetcdf-dev	1:4.7.3-1
libnetcdf15:amd64	1:4.7.3-1
libnetplan0:amd64	0.104-0ubuntu2~20.04.6
libnettle7:amd64	3.5.1+really3.5.1-2ubuntu0.2
libnghttp2-14:amd64	1.40.0-1ubuntu0.3
libnl-3-200:amd64	3.4.0-1ubuntu0.1
libnl-3-dev:amd64	3.4.0-1ubuntu0.1
libnl-route-3-200:amd64	3.4.0-1ubuntu0.1
libnl-route-3-dev:amd64	3.4.0-1ubuntu0.1
libnpth0:amd64	1.6-1
libnspr4:amd64	2:4.35-0ubuntu0.20.04.1
libnss-systemd:amd64	245.4-4ubuntu3.24
libnss3:amd64	2:3.98-0ubuntu0.20.04.2
libnuma-dev:amd64	2.0.12-1
libnuma1:amd64	2.0.12-1
libodbc1:amd64	2.3.6-0.1ubuntu0.1
libogdi-dev	4.1.0+ds-1build1
libogdi4.1	4.1.0+ds-1build1
libogg-dev:amd64	1.3.4-0ubuntu1
libogg0:amd64	1.3.4-0ubuntu1
libopencv-calib3d-dev:amd64	4.2.0+dfsg-5
libopencv-calib3d4.2:amd64	4.2.0+dfsg-5
libopencv-contrib-dev:amd64	4.2.0+dfsg-5
libopencv-contrib4.2:amd64	4.2.0+dfsg-5
libopencv-core-dev:amd64	4.2.0+dfsg-5
libopencv-core4.2:amd64	4.2.0+dfsg-5
libopencv-dev	4.2.0+dfsg-5
libopencv-dnn-dev:amd64	4.2.0+dfsg-5
libopencv-dnn4.2:amd64	4.2.0+dfsg-5
libopencv-features2d-dev:amd64	4.2.0+dfsg-5
libopencv-features2d4.2:amd64	4.2.0+dfsg-5
libopencv-flann-dev:amd64	4.2.0+dfsg-5
libopencv-flann4.2:amd64	4.2.0+dfsg-5
libopencv-highgui-dev:amd64	4.2.0+dfsg-5
libopencv-highgui4.2:amd64	4.2.0+dfsg-5
libopencv-imgcodecs-dev:amd64	4.2.0+dfsg-5
libopencv-imgcodecs4.2:amd64	4.2.0+dfsg-5
libopencv-imgproc-dev:amd64	4.2.0+dfsg-5
libopencv-imgproc4.2:amd64	4.2.0+dfsg-5
libopencv-ml-dev:amd64	4.2.0+dfsg-5
libopencv-ml4.2:amd64	4.2.0+dfsg-5
libopencv-objdetect-dev:amd64	4.2.0+dfsg-5
libopencv-objdetect4.2:amd64	4.2.0+dfsg-5
libopencv-photo-dev:amd64	4.2.0+dfsg-5
libopencv-photo4.2:amd64	4.2.0+dfsg-5
libopencv-shape-dev:amd64	4.2.0+dfsg-5
libopencv-shape4.2:amd64	4.2.0+dfsg-5
libopencv-stitching-dev:amd64	4.2.0+dfsg-5
libopencv-stitching4.2:amd64	4.2.0+dfsg-5
libopencv-superres-dev:amd64	4.2.0+dfsg-5
libopencv-superres4.2:amd64	4.2.0+dfsg-5
libopencv-ts-dev:amd64	4.2.0+dfsg-5
libopencv-video-dev:amd64	4.2.0+dfsg-5
libopencv-video4.2:amd64	4.2.0+dfsg-5
libopencv-videoio-dev:amd64	4.2.0+dfsg-5
libopencv-videoio4.2:amd64	4.2.0+dfsg-5
libopencv-videostab-dev:amd64	4.2.0+dfsg-5
libopencv-videostab4.2:amd64	4.2.0+dfsg-5
libopencv-viz-dev:amd64	4.2.0+dfsg-5
libopencv-viz4.2:amd64	4.2.0+dfsg-5
libopencv4.2-java	4.2.0+dfsg-5
libopencv4.2-jni	4.2.0+dfsg-5
libopenexr-dev	2.3.0-6ubuntu0.5
libopenexr24:amd64	2.3.0-6ubuntu0.5
libopengl-dev:amd64	1.3.2-1~ubuntu0.20.04.2
libopengl0:amd64	1.3.2-1~ubuntu0.20.04.2
libopenjp2-7:amd64	2.3.1-1ubuntu4.20.04.4
libopenjp2-7-dev	2.3.1-1ubuntu4.20.04.4
libopenmpi-dev:amd64	4.0.3-0ubuntu1
libopenmpi3:amd64	4.0.3-0ubuntu1
libopenmpt0:amd64	0.4.11-1build1
libopenni-dev	1.5.4.0+dfsg-4build1
libopenni0	1.5.4.0+dfsg-4build1
libopenni2-0	2.2.0.33+dfsg-13build1
libopenni2-dev	2.2.0.33+dfsg-13build1
libopus0:amd64	1.3.1-0ubuntu1
liborc-0.4-0:amd64	1:0.4.31-1ubuntu0.1
libp11-kit0:amd64	0.23.20-1ubuntu0.1
libpackagekit-glib2-18:amd64	1.1.13-2ubuntu1.1
libpam-cap:amd64	1:2.32-1ubuntu0.2
libpam-modules:amd64	1.3.1-5ubuntu4.7
libpam-modules-bin	1.3.1-5ubuntu4.7
libpam-runtime	1.3.1-5ubuntu4.7
libpam-systemd:amd64	245.4-4ubuntu3.24
libpam0g:amd64	1.3.1-5ubuntu4.7
libpango-1.0-0:amd64	1.44.7-2ubuntu4
libpangocairo-1.0-0:amd64	1.44.7-2ubuntu4
libpangoft2-1.0-0:amd64	1.44.7-2ubuntu4
libparted2:amd64	3.3-4ubuntu0.20.04.1
libpathplan4:amd64	2.42.2-3build2
libpcap0.8:amd64	1.9.1-3ubuntu1.20.04.1
libpciaccess0:amd64	0.16-0ubuntu1
libpcl-apps1.10:amd64	1.10.0+dfsg-5ubuntu1
libpcl-common1.10:amd64	1.10.0+dfsg-5ubuntu1
libpcl-dev	1.10.0+dfsg-5ubuntu1
libpcl-features1.10:amd64	1.10.0+dfsg-5ubuntu1
libpcl-filters1.10:amd64	1.10.0+dfsg-5ubuntu1
libpcl-io1.10:amd64	1.10.0+dfsg-5ubuntu1
libpcl-kdtree1.10:amd64	1.10.0+dfsg-5ubuntu1
libpcl-keypoints1.10:amd64	1.10.0+dfsg-5ubuntu1
libpcl-ml1.10:amd64	1.10.0+dfsg-5ubuntu1
libpcl-octree1.10:amd64	1.10.0+dfsg-5ubuntu1
libpcl-outofcore1.10:amd64	1.10.0+dfsg-5ubuntu1
libpcl-people1.10:amd64	1.10.0+dfsg-5ubuntu1
libpcl-recognition1.10:amd64	1.10.0+dfsg-5ubuntu1
libpcl-registration1.10:amd64	1.10.0+dfsg-5ubuntu1
libpcl-sample-consensus1.10:amd64	1.10.0+dfsg-5ubuntu1
libpcl-search1.10:amd64	1.10.0+dfsg-5ubuntu1
libpcl-segmentation1.10:amd64	1.10.0+dfsg-5ubuntu1
libpcl-stereo1.10:amd64	1.10.0+dfsg-5ubuntu1
libpcl-surface1.10:amd64	1.10.0+dfsg-5ubuntu1
libpcl-tracking1.10:amd64	1.10.0+dfsg-5ubuntu1
libpcl-visualization1.10:amd64	1.10.0+dfsg-5ubuntu1
libpcre16-3:amd64	2:8.39-12ubuntu0.1
libpcre2-16-0:amd64	10.34-7ubuntu0.1
libpcre2-8-0:amd64	10.34-7ubuntu0.1
libpcre3:amd64	2:8.39-12ubuntu0.1
libpcre3-dev:amd64	2:8.39-12ubuntu0.1
libpcre32-3:amd64	2:8.39-12ubuntu0.1
libpcrecpp0v5:amd64	2:8.39-12ubuntu0.1
libperl5.30:amd64	5.30.0-9ubuntu0.5
libpixman-1-0:amd64	0.38.4-0ubuntu2.1
libpmix2:amd64	3.1.5-1
libpng-dev:amd64	1.6.37-2
libpng16-16:amd64	1.6.37-2
libpolkit-gobject-1-0:amd64	0.105-26ubuntu1.3
libpoppler-dev:amd64	0.86.1-0ubuntu1.7
libpoppler-private-dev:amd64	0.86.1-0ubuntu1.7
libpoppler97:amd64	0.86.1-0ubuntu1.7
libpopt0:amd64	1.16-14
libpq-dev	12.22-0ubuntu0.20.04.4
libpq5:amd64	12.22-0ubuntu0.20.04.4
libprocps8:amd64	2:3.3.16-1ubuntu2.4
libproj-dev:amd64	6.3.1-1
libproj15:amd64	6.3.1-1
libprotobuf17:amd64	3.6.1.3-2ubuntu5.2
libproxy1v5:amd64	0.4.15-10ubuntu1.2
libpsl5:amd64	0.21.0-1ubuntu1
libpsm-infinipath1	3.3+20.604758e7-6
libpsm2-2	11.2.86-1
libpthread-stubs0-dev:amd64	0.4-1
libpython3-dev:amd64	3.8.2-0ubuntu2
libpython3-stdlib:amd64	3.8.2-0ubuntu2
libpython3.8:amd64	3.8.10-0ubuntu1~20.04.18
libpython3.8-dev:amd64	3.8.10-0ubuntu1~20.04.18
libpython3.8-minimal:amd64	3.8.10-0ubuntu1~20.04.18
libpython3.8-stdlib:amd64	3.8.10-0ubuntu1~20.04.18
libqhull-dev:amd64	2015.2-4
libqhull-r7:amd64	2015.2-4
libqhull7:amd64	2015.2-4
libqt5concurrent5:amd64	5.12.8+dfsg-0ubuntu2.1
libqt5core5a:amd64	5.12.8+dfsg-0ubuntu2.1
libqt5dbus5:amd64	5.12.8+dfsg-0ubuntu2.1
libqt5designer5:amd64	5.12.8-0ubuntu1
libqt5designercomponents5:amd64	5.12.8-0ubuntu1
libqt5gui5:amd64	5.12.8+dfsg-0ubuntu2.1
libqt5help5:amd64	5.12.8-0ubuntu1
libqt5network5:amd64	5.12.8+dfsg-0ubuntu2.1
libqt5opengl5:amd64	5.12.8+dfsg-0ubuntu2.1
libqt5opengl5-dev:amd64	5.12.8+dfsg-0ubuntu2.1
libqt5positioning5:amd64	5.12.8+dfsg-0ubuntu1
libqt5printsupport5:amd64	5.12.8+dfsg-0ubuntu2.1
libqt5qml5:amd64	5.12.8-0ubuntu1
libqt5quick5:amd64	5.12.8-0ubuntu1
libqt5quickparticles5:amd64	5.12.8-0ubuntu1
libqt5quickshapes5:amd64	5.12.8-0ubuntu1
libqt5quicktest5:amd64	5.12.8-0ubuntu1
libqt5quickwidgets5:amd64	5.12.8-0ubuntu1
libqt5sensors5:amd64	5.12.8-0ubuntu1
libqt5sql5:amd64	5.12.8+dfsg-0ubuntu2.1
libqt5sql5-sqlite:amd64	5.12.8+dfsg-0ubuntu2.1
libqt5test5:amd64	5.12.8+dfsg-0ubuntu2.1
libqt5webchannel5:amd64	5.12.8-0ubuntu1
libqt5webkit5:amd64	5.212.0~alpha4-1ubuntu2.1
libqt5webkit5-dev:amd64	5.212.0~alpha4-1ubuntu2.1
libqt5widgets5:amd64	5.12.8+dfsg-0ubuntu2.1
libqt5x11extras5:amd64	5.12.8-0ubuntu1
libqt5xml5:amd64	5.12.8+dfsg-0ubuntu2.1
libquadmath0:amd64	10.5.0-1ubuntu1~20.04
libraw1394-11:amd64	2.1.2-1
libraw1394-dev:amd64	2.1.2-1
librdmacm1:amd64	28.0-1ubuntu1
libreadline5:amd64	5.2+dfsg-3build3
libreadline8:amd64	8.0-4
librest-0.7-0:amd64	0.8.1-1
librhash0:amd64	1.3.9-1
libroken18-heimdal:amd64	7.7.0+dfsg-1ubuntu1.4
librsvg2-2:amd64	2.48.9-1ubuntu0.20.04.4
librsvg2-common:amd64	2.48.9-1ubuntu0.20.04.4
librtmp1:amd64	2.4+20151223.gitfa8646d.1-2build1
libsasl2-2:amd64	2.1.27+dfsg-2ubuntu0.1
libsasl2-modules:amd64	2.1.27+dfsg-2ubuntu0.1
libsasl2-modules-db:amd64	2.1.27+dfsg-2ubuntu0.1
libseccomp2:amd64	2.5.1-1ubuntu1~20.04.2
libselinux1:amd64	3.0-1build2
libsemanage-common	3.0-1build2
libsemanage1:amd64	3.0-1build2
libsensors-config	1:3.6.0-2ubuntu1.1
libsensors5:amd64	1:3.6.0-2ubuntu1.1
libsepol1:amd64	3.0-1ubuntu0.1
libsgutils2-2	1.44-1ubuntu2
libshine3:amd64	3.1.1-2
libsigsegv2:amd64	2.12-2
libsm-dev:amd64	2:1.2.3-1
libsm6:amd64	2:1.2.3-1
libsmartcols1:amd64	2.34-0.1ubuntu9.6
libsnappy1v5:amd64	1.1.8-1build1
libsocket++1:amd64	1.12.13-10build1
libsodium23:amd64	1.0.18-1
libsoup-gnome2.4-1:amd64	2.70.0-1ubuntu0.5
libsoup2.4-1:amd64	2.70.0-1ubuntu0.5
libsoxr0:amd64	0.1.3-2build1
libspatialite-dev:amd64	4.3.0a-6build1
libspatialite7:amd64	4.3.0a-6build1
libspdlog-dev	1:1.5.0-1
libspdlog1	1:1.5.0-1
libspeex1:amd64	1.2~rc1.2-1.1ubuntu1.20.04.1
libsqlite3-0:amd64	3.31.1-4ubuntu0.7
libsqlite3-dev:amd64	3.31.1-4ubuntu0.7
libss2:amd64	1.45.5-2ubuntu1.2
libssh-4:amd64	0.9.3-2ubuntu2.5
libssh-gcrypt-4:amd64	0.9.3-2ubuntu2.5
libssl-dev:amd64	1.1.1f-1ubuntu2.24
libssl1.1:amd64	1.1.1f-1ubuntu2.24
libstdc++-10-dev:amd64	10.5.0-1ubuntu1~20.04
libstdc++-9-dev:amd64	9.4.0-1ubuntu1~20.04.2
libstdc++6:amd64	10.5.0-1ubuntu1~20.04
libsuperlu-dev:amd64	5.2.1+dfsg1-4
libsuperlu5:amd64	5.2.1+dfsg1-4
libswresample-dev:amd64	7:4.2.7-0ubuntu0.1
libswresample3:amd64	7:4.2.7-0ubuntu0.1
libswscale-dev:amd64	7:4.2.7-0ubuntu0.1
libswscale5:amd64	7:4.2.7-0ubuntu0.1
libsystemd0:amd64	245.4-4ubuntu3.24
libsz2:amd64	1.0.4-1
libtasn1-6:amd64	4.16.0-2ubuntu0.1
libtbb-dev:amd64	2020.1-2
libtbb2:amd64	2020.1-2
libtcl8.6:amd64	8.6.10+dfsg-1
libtesseract4:amd64	4.1.1-2build2
libthai-data	0.1.28-3
libthai0:amd64	0.1.28-3
libtheora-dev:amd64	1.1.1+dfsg.1-15ubuntu2
libtheora0:amd64	1.1.1+dfsg.1-15ubuntu2
libtiff-dev:amd64	4.1.0+git191117-2ubuntu0.20.04.14
libtiff5:amd64	4.1.0+git191117-2ubuntu0.20.04.14
libtiffxx5:amd64	4.1.0+git191117-2ubuntu0.20.04.14
libtinfo6:amd64	6.2-0ubuntu2.1
libtinyxml-dev:amd64	2.6.2-4+deb10u2build0.20.04.1
libtinyxml2-6a:amd64	7.0.0+dfsg-1build1
libtinyxml2-dev:amd64	7.0.0+dfsg-1build1
libtinyxml2.6.2v5:amd64	2.6.2-4+deb10u2build0.20.04.1
libtk8.6:amd64	8.6.10-1
libtsan0:amd64	10.5.0-1ubuntu1~20.04
libtwolame0:amd64	0.4.0-2
libubsan1:amd64	10.5.0-1ubuntu1~20.04
libuchardet0:amd64	0.0.6-3build1
libudev1:amd64	245.4-4ubuntu3.24
libunistring2:amd64	0.9.10-2
liburiparser-dev	0.9.3-2
liburiparser1:amd64	0.9.3-2
libusb-1.0-0:amd64	2:1.0.23-2build1
libuuid1:amd64	2.34-0.1ubuntu9.6
libuv1:amd64	1.34.2-1ubuntu1.5
libva-drm2:amd64	2.7.0-2
libva-x11-2:amd64	2.7.0-2
libva2:amd64	2.7.0-2
libvdpau1:amd64	1.3-1ubuntu2
libvorbis0a:amd64	1.3.6-2ubuntu1
libvorbisenc2:amd64	1.3.6-2ubuntu1
libvorbisfile3:amd64	1.3.6-2ubuntu1
libvpx6:amd64	1.8.2-1ubuntu0.4
libvtk6.3	6.3.0+dfsg2-5build2
libvtk7-dev	7.1.1+dfsg2-2ubuntu1
libvtk7-java	7.1.1+dfsg2-2ubuntu1
libvtk7-jni	7.1.1+dfsg2-2ubuntu1
libvtk7-qt-dev	7.1.1+dfsg2-2ubuntu1
libvtk7.1p	7.1.1+dfsg2-2ubuntu1
libvtk7.1p-qt	7.1.1+dfsg2-2ubuntu1
libvulkan-dev:amd64	1.2.131.2-1
libvulkan1:amd64	1.2.131.2-1
libwacom-common	1.3-2ubuntu3
libwacom2:amd64	1.3-2ubuntu3
libwavpack1:amd64	5.2.0-1ubuntu0.1
libwayland-client0:amd64	1.18.0-1ubuntu0.1
libwayland-cursor0:amd64	1.18.0-1ubuntu0.1
libwayland-egl1:amd64	1.18.0-1ubuntu0.1
libwayland-server0:amd64	1.18.0-1ubuntu0.1
libwebp-dev:amd64	0.6.1-2ubuntu0.20.04.3
libwebp6:amd64	0.6.1-2ubuntu0.20.04.3
libwebpdemux2:amd64	0.6.1-2ubuntu0.20.04.3
libwebpmux3:amd64	0.6.1-2ubuntu0.20.04.3
libwind0-heimdal:amd64	7.7.0+dfsg-1ubuntu1.4
libwoff1:amd64	1.0.2-1build2
libwrap0:amd64	7.6.q-30
libx11-6:amd64	2:1.6.9-2ubuntu1.6
libx11-data	2:1.6.9-2ubuntu1.6
libx11-dev:amd64	2:1.6.9-2ubuntu1.6
libx11-xcb1:amd64	2:1.6.9-2ubuntu1.6
libx264-155:amd64	2:0.155.2917+git0a84d98-2
libx265-179:amd64	3.2.1-1build1
libxau-dev:amd64	1:1.0.9-0ubuntu1
libxau6:amd64	1:1.0.9-0ubuntu1
libxaw7:amd64	2:1.0.13-1
libxcb-dri2-0:amd64	1.14-2
libxcb-dri3-0:amd64	1.14-2
libxcb-glx0:amd64	1.14-2
libxcb-icccm4:amd64	0.4.1-1.1
libxcb-image0:amd64	0.4.0-1build1
libxcb-keysyms1:amd64	0.4.0-1build1
libxcb-present0:amd64	1.14-2
libxcb-randr0:amd64	1.14-2
libxcb-render-util0:amd64	0.3.9-1build1
libxcb-render0:amd64	1.14-2
libxcb-shape0:amd64	1.14-2
libxcb-shm0:amd64	1.14-2
libxcb-sync1:amd64	1.14-2
libxcb-util1:amd64	0.4.0-0ubuntu3
libxcb-xfixes0:amd64	1.14-2
libxcb-xinerama0:amd64	1.14-2
libxcb-xinput0:amd64	1.14-2
libxcb-xkb1:amd64	1.14-2
libxcb1:amd64	1.14-2
libxcb1-dev:amd64	1.14-2
libxcomposite1:amd64	1:0.4.5-1
libxcursor1:amd64	1:1.2.0-2
libxdamage1:amd64	1:1.1.5-2
libxdmcp-dev:amd64	1:1.1.3-0ubuntu1
libxdmcp6:amd64	1:1.1.3-0ubuntu1
libxerces-c-dev	3.2.2+debian-1ubuntu0.2
libxerces-c3.2:amd64	3.2.2+debian-1ubuntu0.2
libxext-dev:amd64	2:1.3.4-0ubuntu1
libxext6:amd64	2:1.3.4-0ubuntu1
libxfixes3:amd64	1:5.0.3-2
libxft-dev:amd64	2.3.3-0ubuntu1
libxft2:amd64	2.3.3-0ubuntu1
libxi6:amd64	2:1.7.10-0ubuntu1
libxinerama1:amd64	2:1.1.4-2
libxkbcommon-x11-0:amd64	0.10.0-1
libxkbcommon0:amd64	0.10.0-1
libxml2:amd64	2.9.10+dfsg-5ubuntu0.20.04.10
libxml2-dev:amd64	2.9.10+dfsg-5ubuntu0.20.04.10
libxml2-utils	2.9.10+dfsg-5ubuntu0.20.04.10
libxmu6:amd64	2:1.1.3-0ubuntu1
libxnvctrl0:amd64	470.57.01-0ubuntu0.20.04.3
libxpm4:amd64	1:3.5.12-1ubuntu0.20.04.2
libxrandr2:amd64	2:1.5.2-0ubuntu1
libxrender-dev:amd64	1:0.9.10-1
libxrender1:amd64	1:0.9.10-1
libxshmfence1:amd64	1.3-1
libxslt1.1:amd64	1.1.34-4ubuntu0.20.04.3
libxss-dev:amd64	1:1.2.3-1
libxss1:amd64	1:1.2.3-1
libxt-dev:amd64	1:1.1.5-1
libxt6:amd64	1:1.1.5-1
libxtables12:amd64	1.8.4-3ubuntu2.1
libxvidcore4:amd64	2:1.3.7-1
libxxf86vm1:amd64	1:1.1.4-1build1
libyaml-0-2:amd64	0.2.2-1
libyaml-dev:amd64	0.2.2-1
libzstd-dev:amd64	1.4.4+dfsg-3ubuntu0.1
libzstd1:amd64	1.4.4+dfsg-3ubuntu0.1
libzvbi-common	0.2.35-17
libzvbi0:amd64	0.2.35-17
linux-base	4.5ubuntu3.7
linux-libc-dev:amd64	5.4.0-216.236
login	1:4.8.1-1ubuntu5.20.04.5
logsave	1.45.5-2ubuntu1.2
lsb-base	11.1.0ubuntu2
lsb-release	11.1.0ubuntu2
lvm2	2.03.07-1ubuntu1
lxd-agent-loader	0.4
lxd-installer	1
lz4	1.9.2-2ubuntu0.20.04.1
m4	1.4.18-4
make	4.2.1-1.2
mawk	1.3.4.20200120-2
mdadm	4.1-5ubuntu1.2
mime-support	3.64ubuntu1
motd-news-config	11ubuntu5.8
mount	2.34-0.1ubuntu9.6
mpi-default-bin	1.13
mpi-default-dev	1.13
mysql-common	5.8+1.0.5ubuntu2
ncurses-base	6.2-0ubuntu2.1
ncurses-bin	6.2-0ubuntu2.1
net-tools	1.60+git20180626.aebd88e-1ubuntu1.3
netbase	6.1
netcat-openbsd	1.206-1ubuntu1
netplan.io	0.104-0ubuntu2~20.04.6
networkd-dispatcher	2.1-2~ubuntu20.04.3
ocl-icd-libopencl1:amd64	2.2.11-1ubuntu1
odbcinst	2.3.6-0.1ubuntu0.1
odbcinst1debian2:amd64	2.3.6-0.1ubuntu0.1
open-iscsi	2.0.874-7.1ubuntu6.5
openmpi-bin	4.0.3-0ubuntu1
openmpi-common	4.0.3-0ubuntu1
openssh-client	1:8.2p1-4ubuntu0.13
openssh-server	1:8.2p1-4ubuntu0.13
openssh-sftp-server	1:8.2p1-4ubuntu0.13
openssl	1.1.1f-1ubuntu2.24
parted	3.3-4ubuntu0.20.04.1
passwd	1:4.8.1-1ubuntu5.20.04.5
patch	2.7.6-6
perl	5.30.0-9ubuntu0.5
perl-base	5.30.0-9ubuntu0.5
perl-modules-5.30	5.30.0-9ubuntu0.5
pinentry-curses	1.1.0-3build1
pkg-config	0.29.1-0ubuntu4
pollinate	4.33-3ubuntu1.20.04.2
procps	2:3.3.16-1ubuntu2.4
proj-data	6.3.1-1
pydocstyle	2.1.1-1
python-apt-common	2.0.1ubuntu0.20.04.1
python-pip-whl	20.0.2-5ubuntu1.11
python3	3.8.2-0ubuntu2
python3-apport	2.20.11-0ubuntu27.29
python3-apt	2.0.1ubuntu0.20.04.1
python3-argcomplete	1.8.1-1.3ubuntu1
python3-atomicwrites	1.1.5-2build1
python3-attr	19.3.0-2
python3-autobahn	17.10.1+dfsg1-6
python3-automat	0.8.0-1ubuntu1
python3-blinker	1.4+dfsg1-0.3ubuntu1
python3-catkin-pkg-modules	0.5.2-1
python3-cbor	1.0.0-1.1build1
python3-certifi	2019.11.28-1
python3-cffi-backend	1.14.0-1build1
python3-chardet	3.0.4-4build1
python3-colcon-argcomplete	0.3.3-1
python3-colcon-bash	0.4.2-1
python3-colcon-cd	0.1.1-1
python3-colcon-cmake	0.2.27-1
python3-colcon-common-extensions	0.3.0-1
python3-colcon-core	0.12.1-1
python3-colcon-defaults	0.2.8-1
python3-colcon-devtools	0.2.3-1
python3-colcon-library-path	0.2.1-1
python3-colcon-metadata	0.2.5-1
python3-colcon-notification	0.2.15-1
python3-colcon-output	0.2.13-1
python3-colcon-package-information	0.3.3-1
python3-colcon-package-selection	0.2.10-2
python3-colcon-parallel-executor	0.2.4-1
python3-colcon-pkg-config	0.1.0-1
python3-colcon-powershell	0.3.7-1
python3-colcon-python-setup-py	0.2.8-1
python3-colcon-recursive-crawl	0.2.1-1
python3-colcon-ros	0.3.23-1
python3-colcon-test-result	0.3.8-1
python3-colcon-zsh	0.4.0-1
python3-configobj	5.0.6-4ubuntu0.1
python3-constantly	15.1.0-1build1
python3-cryptography	2.8-3ubuntu0.3
python3-dateutil	2.7.3-3ubuntu1
python3-dbus	1.2.16-1build1
python3-debconf	1.5.73
python3-debian	0.1.36ubuntu1.1
python3-dev	3.8.2-0ubuntu2
python3-distlib	0.3.0-1
python3-distro	1.4.0-1
python3-distro-info	0.23ubuntu1.1
python3-distupgrade	1:20.04.41
python3-distutils	3.8.10-0ubuntu1~20.04
python3-docutils	0.16+dfsg-2
python3-empy	3.3.2-5.1
python3-entrypoints	0.3-2ubuntu1
python3-flake8	3.7.9-2
python3-gi	3.36.0-1
python3-hamcrest	1.9.0-3
python3-httplib2	0.14.0-1ubuntu1
python3-hyperlink	19.0.0-1
python3-idna	2.8-1ubuntu0.1
python3-ifcfg	0.18-2osrf~focal
python3-importlib-metadata	1.5.0-1
python3-incremental	16.10.1-3.2
python3-jinja2	2.10.1-2ubuntu0.6
python3-json-pointer	2.0-0ubuntu1
python3-jsonpatch	1.23-3
python3-jsonschema	3.2.0-0ubuntu2
python3-jwt	1.7.1-2ubuntu2.1
python3-keyring	18.0.1-2ubuntu1
python3-lark	0.8.1-1
python3-launchpadlib	1.10.13-1
python3-lazr.restfulclient	0.14.2-2build1
python3-lazr.uri	1.0.3-4build1
python3-lib2to3	3.8.10-0ubuntu1~20.04
python3-lxml:amd64	4.5.0-1ubuntu0.5
python3-lz4	3.0.2+dfsg-1build1
python3-markupsafe	1.1.0-1build2
python3-mccabe	0.6.1-3
python3-minimal	3.8.2-0ubuntu2
python3-mock	3.0.5-1build1
python3-more-itertools	4.2.0-1build1
python3-mpi4py	3.0.3-4build2
python3-nacl	1.3.0-5
python3-netifaces	0.10.4-1ubuntu4
python3-notify2	0.3-4
python3-numpy	1:1.17.4-5ubuntu3.1
python3-oauthlib	3.1.0-1ubuntu2
python3-opencv	4.2.0+dfsg-5
python3-openssl	19.0.0-1build1
python3-packaging	20.3-1
python3-pbr	5.4.5-0ubuntu1
python3-pexpect	4.6.0-1build1
python3-pip	20.0.2-5ubuntu1.11
python3-pkg-resources	45.2.0-1ubuntu0.3
python3-pluggy	0.13.0-2
python3-problem-report	2.20.11-0ubuntu27.29
python3-ptyprocess	0.6.0-1ubuntu1
python3-py	1.8.1-1ubuntu0.1
python3-pyasn1	0.4.2-3build1
python3-pyasn1-modules	0.2.1-0.2build1
python3-pycodestyle	2.5.0-2
python3-pydocstyle	2.1.1-1
python3-pyflakes	2.1.1-2ubuntu1
python3-pygments	2.3.1+dfsg-1ubuntu2.2
python3-pyparsing	2.4.6-1
python3-pyqrcode	1.2.1-4
python3-pyrsistent:amd64	0.15.5-1build1
python3-pytest	4.6.9-1
python3-requests	2.22.0-2ubuntu1.1
python3-requests-unixsocket	0.2.0-2
python3-roman	2.0.0-3build1
python3-rosdep	0.22.2-1
python3-rosdep-modules	0.22.2-1
python3-rosdistro-modules	0.9.0-1
python3-rospkg-modules	1.5.0-1
python3-secretstorage	2.3.1-2ubuntu1
python3-serial	3.4-5.1
python3-service-identity	18.1.0-5build1
python3-setuptools	45.2.0-1ubuntu0.3
python3-simplejson	3.16.0-2ubuntu2
python3-six	1.14.0-2
python3-snappy	0.5.3-1.1build1
python3-snowballstemmer	2.0.0-1
python3-systemd	234-3build2
python3-trie	0.2+ds-2
python3-twisted	18.9.0-11ubuntu0.20.04.5
python3-twisted-bin:amd64	18.9.0-11ubuntu0.20.04.5
python3-txaio	2.10.0-2
python3-u-msgpack	2.1-1build1
python3-ubjson	0.14.0-2build1
python3-update-manager	1:20.04.10.23
python3-urllib3	1.25.8-2ubuntu0.4
python3-vcstool	0.3.0-1
python3-vtk7	7.1.1+dfsg2-2ubuntu1
python3-wadllib	1.3.3-3build1
python3-wcwidth	0.1.8+dfsg1-3
python3-wheel	0.34.2-1ubuntu0.1
python3-wsaccel	0.6.2-2build1
python3-yaml	5.3.1-1ubuntu0.1
python3-zipp	1.0.0-1ubuntu0.1
python3-zope.interface	4.7.1-1
python3.8	3.8.10-0ubuntu1~20.04.18
python3.8-dev	3.8.10-0ubuntu1~20.04.18
python3.8-minimal	3.8.10-0ubuntu1~20.04.18
qdoc-qt5	5.12.8-0ubuntu1
qhelpgenerator-qt5	5.12.8-0ubuntu1
qt5-assistant	5.12.8-0ubuntu1
qt5-qmake:amd64	5.12.8+dfsg-0ubuntu2.1
qt5-qmake-bin	5.12.8+dfsg-0ubuntu2.1
qt5-qmltooling-plugins:amd64	5.12.8-0ubuntu1
qtattributionsscanner-qt5	5.12.8-0ubuntu1
qtbase5-dev:amd64	5.12.8+dfsg-0ubuntu2.1
qtbase5-dev-tools	5.12.8+dfsg-0ubuntu2.1
qtchooser	66-2build1
qtdeclarative5-dev:amd64	5.12.8-0ubuntu1
qtdeclarative5-dev-tools	5.12.8-0ubuntu1
qttools5-dev:amd64	5.12.8-0ubuntu1
qttools5-dev-tools	5.12.8-0ubuntu1
qttools5-private-dev:amd64	5.12.8-0ubuntu1
readline-common	8.0-4
ros-foxy-action-msgs	1.0.0-1focal.20230527.044538
ros-foxy-actionlib-msgs	2.0.5-1focal.20230527.050253
ros-foxy-ament-cmake	0.9.12-1focal.20230527.033726
ros-foxy-ament-cmake-auto	0.9.12-1focal.20230527.034119
ros-foxy-ament-cmake-copyright	0.9.8-1focal.20230527.034818
ros-foxy-ament-cmake-core	0.9.12-1focal.20230527.032458
ros-foxy-ament-cmake-cppcheck	0.9.8-1focal.20230527.034934
ros-foxy-ament-cmake-cpplint	0.9.8-1focal.20230527.035101
ros-foxy-ament-cmake-export-definitions	0.9.12-1focal.20230527.033021
ros-foxy-ament-cmake-export-dependencies	0.9.12-1focal.20230527.033513
ros-foxy-ament-cmake-export-include-directories	0.9.12-1focal.20230527.033159
ros-foxy-ament-cmake-export-interfaces	0.9.12-1focal.20230527.033435
ros-foxy-ament-cmake-export-libraries	0.9.12-1focal.20230527.033300
ros-foxy-ament-cmake-export-link-flags	0.9.12-1focal.20230527.033027
ros-foxy-ament-cmake-export-targets	0.9.12-1focal.20230527.033348
ros-foxy-ament-cmake-flake8	0.9.8-1focal.20230527.034934
ros-foxy-ament-cmake-gmock	0.9.12-1focal.20230527.033334
ros-foxy-ament-cmake-gtest	0.9.12-1focal.20230527.033233
ros-foxy-ament-cmake-include-directories	0.9.12-1focal.20230527.033241
ros-foxy-ament-cmake-libraries	0.9.12-1focal.20230527.033319
ros-foxy-ament-cmake-lint-cmake	0.9.8-1focal.20230527.034543
ros-foxy-ament-cmake-pep257	0.9.8-1focal.20230527.034930
ros-foxy-ament-cmake-pytest	0.9.12-1focal.20230527.033236
ros-foxy-ament-cmake-python	0.9.12-1focal.20230527.033035
ros-foxy-ament-cmake-ros	0.9.2-1focal.20230527.035553
ros-foxy-ament-cmake-target-dependencies	0.9.12-1focal.20230527.033419
ros-foxy-ament-cmake-test	0.9.12-1focal.20230527.033100
ros-foxy-ament-cmake-uncrustify	0.9.8-1focal.20230527.035043
ros-foxy-ament-cmake-version	0.9.12-1focal.20230527.033033
ros-foxy-ament-cmake-xmllint	0.9.8-1focal.20230527.035101
ros-foxy-ament-copyright	0.9.8-1focal.20230527.033845
ros-foxy-ament-cppcheck	0.9.8-1focal.20230527.033020
ros-foxy-ament-cpplint	0.9.8-1focal.20230527.033950
ros-foxy-ament-flake8	0.9.8-1focal.20230527.033314
ros-foxy-ament-index-cpp	1.1.0-1focal.20230527.035619
ros-foxy-ament-index-python	1.1.0-1focal.20230527.034456
ros-foxy-ament-lint	0.9.8-1focal.20230527.033147
ros-foxy-ament-lint-auto	0.9.8-1focal.20230527.033240
ros-foxy-ament-lint-cmake	0.9.8-1focal.20230527.034500
ros-foxy-ament-lint-common	0.9.8-1focal.20230527.035135
ros-foxy-ament-package	0.9.5-1focal.20210422.230933
ros-foxy-ament-pep257	0.9.8-1focal.20230527.033555
ros-foxy-ament-uncrustify	0.9.8-1focal.20230527.034525
ros-foxy-ament-xmllint	0.9.8-1focal.20230527.033925
ros-foxy-builtin-interfaces	1.0.0-1focal.20230527.043831
ros-foxy-class-loader	2.0.3-1focal.20230527.040750
ros-foxy-common-interfaces	2.0.5-1focal.20230527.053021
ros-foxy-composition-interfaces	1.0.0-1focal.20230527.044949
ros-foxy-console-bridge-vendor	1.2.4-1focal.20230527.035859
ros-foxy-cv-bridge	3.0.7-1focal.20230527.052309
ros-foxy-diagnostic-msgs	2.0.5-1focal.20230527.050830
ros-foxy-domain-coordinator	0.9.2-1focal.20230527.033942
ros-foxy-eigen3-cmake-module	0.1.1-1focal.20230527.035045
ros-foxy-fastcdr	1.0.13-1focal.20230527.033018
ros-foxy-fastrtps	2.1.4-1focal.20230527.035957
ros-foxy-fastrtps-cmake-module	1.0.4-1focal.20230527.035710
ros-foxy-foonathan-memory-vendor	1.2.0-1focal.20230527.035512
ros-foxy-geometry-msgs	2.0.5-1focal.20230527.045912
ros-foxy-geometry2	0.13.14-1focal.20230606.035309
ros-foxy-gmock-vendor	1.8.9001-1focal.20230527.033129
ros-foxy-gtest-vendor	1.8.9001-1focal.20230527.033021
ros-foxy-kdl-parser	2.4.1-2focal.20230527.040709
ros-foxy-launch	0.10.10-1focal.20230527.034732
ros-foxy-launch-ros	0.11.7-1focal.20230527.051922
ros-foxy-launch-testing	0.10.10-1focal.20230527.034909
ros-foxy-launch-testing-ament-cmake	0.10.10-1focal.20230527.035604
ros-foxy-launch-testing-ros	0.11.7-1focal.20230527.052148
ros-foxy-launch-xml	0.10.10-1focal.20230527.034905
ros-foxy-launch-yaml	0.10.10-1focal.20230527.034936
ros-foxy-libstatistics-collector	1.0.2-1focal.20230527.051045
ros-foxy-libyaml-vendor	1.0.4-1focal.20230527.040802
ros-foxy-lifecycle-msgs	1.0.0-1focal.20230527.044041
ros-foxy-message-filters	3.2.7-1focal.20230606.033844
ros-foxy-nav-msgs	2.0.5-1focal.20230527.050829
ros-foxy-orocos-kdl	3.3.5-1focal.20230527.035509
ros-foxy-osrf-pycommon	0.1.11-1focal.20230527.033202
ros-foxy-pcl-conversions	2.2.1-1focal.20230606.034434
ros-foxy-pcl-msgs	1.0.0-2focal.20230527.052541
ros-foxy-pluginlib	2.5.4-1focal.20230527.040908
ros-foxy-python-cmake-module	0.8.1-1focal.20230527.035425
ros-foxy-rcl	1.1.14-1focal.20230527.050329
ros-foxy-rcl-action	1.1.14-1focal.20230527.051024
ros-foxy-rcl-interfaces	1.0.0-1focal.20230527.044147
ros-foxy-rcl-lifecycle	1.1.14-1focal.20230527.051051
ros-foxy-rcl-logging-spdlog	1.1.0-1focal.20230527.040756
ros-foxy-rcl-yaml-param-parser	1.1.14-1focal.20230527.041257
ros-foxy-rclcpp	2.4.3-1focal.20230527.051415
ros-foxy-rclcpp-action	2.4.3-1focal.20230527.053814
ros-foxy-rclcpp-components	2.4.3-1focal.20230527.053812
ros-foxy-rclcpp-lifecycle	2.4.3-1focal.20230527.053813
ros-foxy-rclpy	1.0.13-1focal.20230527.051412
ros-foxy-rcpputils	1.3.2-1focal.20230527.040309
ros-foxy-rcutils	1.1.5-1focal.20230527.035733
ros-foxy-rmw	1.0.4-1focal.20230527.040801
ros-foxy-rmw-dds-common	1.0.3-1focal.20230527.044005
ros-foxy-rmw-fastrtps-cpp	1.3.2-1focal.20230527.045658
ros-foxy-rmw-fastrtps-shared-cpp	1.3.2-1focal.20230527.044759
ros-foxy-rmw-implementation	1.0.3-1focal.20230527.050044
ros-foxy-rmw-implementation-cmake	1.0.4-1focal.20230527.035429
ros-foxy-robot-state-publisher	2.4.5-1focal.20230606.034917
ros-foxy-ros-base	0.9.2-1focal.20230606.035837
ros-foxy-ros-core	0.9.2-1focal.20230527.064030
ros-foxy-ros-environment	2.5.1-1focal.20230527.033325
ros-foxy-ros-workspace	1.0.2-1focal.20230527.032747
ros-foxy-ros2action	0.9.13-1focal.20230527.052737
ros-foxy-ros2bag	0.3.11-1focal.20230531.181845
ros-foxy-ros2cli	0.9.13-1focal.20230527.052009
ros-foxy-ros2component	0.9.13-1focal.20230527.054727
ros-foxy-ros2doctor	0.9.13-1focal.20230527.052802
ros-foxy-ros2interface	0.9.13-1focal.20230527.052807
ros-foxy-ros2launch	0.11.7-1focal.20230527.053001
ros-foxy-ros2lifecycle	0.9.13-1focal.20230527.063130
ros-foxy-ros2multicast	0.9.13-1focal.20230527.052239
ros-foxy-ros2node	0.9.13-1focal.20230527.052809
ros-foxy-ros2param	0.9.13-1focal.20230527.053234
ros-foxy-ros2pkg	0.9.13-1focal.20230527.052813
ros-foxy-ros2run	0.9.13-1focal.20230527.053005
ros-foxy-ros2service	0.9.13-1focal.20230527.052820
ros-foxy-ros2topic	0.9.13-1focal.20230527.052817
ros-foxy-rosbag2	0.3.11-1focal.20230531.182405
ros-foxy-rosbag2-compression	0.3.11-1focal.20230531.180822
ros-foxy-rosbag2-converter-default-plugins	0.3.11-1focal.20230531.180822
ros-foxy-rosbag2-cpp	0.3.11-1focal.20230531.180409
ros-foxy-rosbag2-storage	0.3.11-1focal.20230531.175921
ros-foxy-rosbag2-storage-default-plugins	0.3.11-1focal.20230531.180611
ros-foxy-rosbag2-transport	0.3.11-1focal.20230531.181114
ros-foxy-rosgraph-msgs	1.0.0-1focal.20230527.044114
ros-foxy-rosidl-adapter	1.3.1-1focal.20230527.035912
ros-foxy-rosidl-cmake	1.3.1-1focal.20230527.040133
ros-foxy-rosidl-default-generators	1.0.1-1focal.20230527.043401
ros-foxy-rosidl-default-runtime	1.0.1-1focal.20230527.043504
ros-foxy-rosidl-generator-c	1.3.1-1focal.20230527.040645
ros-foxy-rosidl-generator-cpp	1.3.1-1focal.20230527.040726
ros-foxy-rosidl-generator-py	0.9.7-1focal.20230527.042900
ros-foxy-rosidl-parser	1.3.1-1focal.20230527.035942
ros-foxy-rosidl-runtime-c	1.3.1-1focal.20230527.040236
ros-foxy-rosidl-runtime-cpp	1.3.1-1focal.20230527.035847
ros-foxy-rosidl-runtime-py	0.9.1-1focal.20230527.045800
ros-foxy-rosidl-typesupport-c	1.0.3-1focal.20230527.041518
ros-foxy-rosidl-typesupport-cpp	1.0.3-1focal.20230527.041729
ros-foxy-rosidl-typesupport-fastrtps-c	1.0.4-1focal.20230527.042305
ros-foxy-rosidl-typesupport-fastrtps-cpp	1.0.4-1focal.20230527.042012
ros-foxy-rosidl-typesupport-interface	1.3.1-1focal.20230527.035917
ros-foxy-rosidl-typesupport-introspection-c	1.3.1-1focal.20230527.040649
ros-foxy-rosidl-typesupport-introspection-cpp	1.3.1-1focal.20230527.040723
ros-foxy-rpyutils	0.2.0-1focal.20230527.034059
ros-foxy-sensor-msgs	2.0.5-1focal.20230527.050830
ros-foxy-shape-msgs	2.0.5-1focal.20230527.051353
ros-foxy-shared-queues-vendor	0.3.11-1focal.20230531.174659
ros-foxy-spdlog-vendor	1.1.3-1focal.20230527.035447
ros-foxy-sqlite3-vendor	0.3.11-1focal.20230531.175149
ros-foxy-sros2	0.9.5-1focal.20230527.052820
ros-foxy-sros2-cmake	0.9.5-1focal.20230527.053024
ros-foxy-statistics-msgs	1.0.0-1focal.20230527.044115
ros-foxy-std-msgs	2.0.5-1focal.20230527.044919
ros-foxy-std-srvs	2.0.5-1focal.20230527.043944
ros-foxy-stereo-msgs	2.0.5-1focal.20230527.052604
ros-foxy-tf2	0.13.14-1focal.20230527.051426
ros-foxy-tf2-bullet	0.13.14-1focal.20230606.034924
ros-foxy-tf2-eigen	0.13.14-1focal.20230606.035027
ros-foxy-tf2-geometry-msgs	0.13.14-1focal.20230606.035033
ros-foxy-tf2-kdl	0.13.14-1focal.20230606.035047
ros-foxy-tf2-msgs	0.13.14-1focal.20230527.050829
ros-foxy-tf2-py	0.13.14-1focal.20230527.052045
ros-foxy-tf2-ros	0.13.14-1focal.20230606.034417
ros-foxy-tf2-sensor-msgs	0.13.14-1focal.20230606.035100
ros-foxy-tf2-tools	0.13.14-1focal.20230606.035129
ros-foxy-tinyxml-vendor	0.8.2-1focal.20230527.034005
ros-foxy-tinyxml2-vendor	0.7.4-1focal.20230527.034003
ros-foxy-tracetools	1.0.5-2focal.20230527.035811
ros-foxy-trajectory-msgs	2.0.5-1focal.20230527.051434
ros-foxy-uncrustify-vendor	1.4.0-1focal.20230527.034017
ros-foxy-unique-identifier-msgs	2.1.3-1focal.20230527.043808
ros-foxy-urdf	2.4.0-2focal.20230527.040328
ros-foxy-urdfdom	2.3.3-1focal.20230527.040139
ros-foxy-urdfdom-headers	1.0.5-1focal.20230527.033203
ros-foxy-visualization-msgs	2.0.5-1focal.20230527.051643
ros-foxy-yaml-cpp-vendor	7.0.3-1focal.20230527.034033
ros-foxy-zstd-vendor	0.3.11-1focal.20230531.174848
sbsigntool	0.9.2-2ubuntu1.1
secureboot-db	1.5
sed	4.7-1
sensible-utils	0.0.12+nmu1
sg3-utils	1.44-1ubuntu2
sgml-base	1.29.1
shared-mime-info	1.15-1
snapd	2.67.1+20.04
sosreport	4.8.2-0ubuntu0~20.04.1
sound-theme-freedesktop	0.8-2ubuntu1
squashfs-tools	1:4.4-1ubuntu0.3
ssh-import-id	5.10-0ubuntu1
sudo	1.8.31-1ubuntu1.5
systemd	245.4-4ubuntu3.24
systemd-sysv	245.4-4ubuntu3.24
systemd-timesyncd	245.4-4ubuntu3.24
sysvinit-utils	2.96-2.1ubuntu1
tar	1.30+dfsg-7ubuntu0.20.04.4
tcl	8.6.9+1
tcl-dev:amd64	8.6.9+1
tcl-vtk7	7.1.1+dfsg2-2ubuntu1
tcl8.6	8.6.10+dfsg-1
tcl8.6-dev:amd64	8.6.10+dfsg-1
thin-provisioning-tools	0.8.5-4build1
tk	8.6.9+1
tk-dev:amd64	8.6.9+1
tk8.6	8.6.10-1
tk8.6-dev:amd64	8.6.10-1
tpm-udev	0.4
tzdata	2025b-0ubuntu0.20.04.1
ubuntu-advantage-tools	35.1ubuntu0~20.04
ubuntu-keyring	2020.02.11.4
ubuntu-mono	19.04-0ubuntu3
ubuntu-pro-client	35.1ubuntu0~20.04
ubuntu-pro-client-l10n	35.1ubuntu0~20.04
ubuntu-release-upgrader-core	1:20.04.41
ucf	3.0038+nmu1
udev	245.4-4ubuntu3.24
unattended-upgrades	2.3ubuntu0.3
uncrustify	0.69.0+dfsg1-1build1
unixodbc-dev:amd64	2.3.6-0.1ubuntu0.1
update-manager-core	1:20.04.10.23
update-notifier-common	3.192.30.19
util-linux	2.34-0.1ubuntu9.6
uuid-dev:amd64	2.34-0.1ubuntu9.6
vtk7	7.1.1+dfsg2-2ubuntu1
wget	1.20.3-1ubuntu2.1
x11-common	1:7.7+19ubuntu14
x11proto-core-dev	2019.2-1ubuntu1
x11proto-dev	2019.2-1ubuntu1
x11proto-scrnsaver-dev	2019.2-1ubuntu1
x11proto-xext-dev	2019.2-1ubuntu1
xfsprogs	5.3.0-1ubuntu2.1
xkb-data	2.29-2
xml-core	0.18+nmu1
xorg-sgml-doctools	1:1.11-1
xtrans-dev	1.4.0-1
xxd	2:8.1.2269-1ubuntu5.32
xz-utils	5.2.4-1ubuntu1.1
zerofree	1.1.1-1
zlib1g:amd64	1:1.2.11.dfsg-2ubuntu1.5
zlib1g-dev:amd64	1:1.2.11.dfsg-2ubuntu1.5
